{
  "project_info": {
    "project_number": "61413971917",
    "project_id": "recordatorio-d9533",
    "storage_bucket": "recordatorio-d9533.appspot.com"
  },
  "client": [
    {
      "client_info": {
        "mobilesdk_app_id": "1:61413971917:android:00e4a1030e0aacdda6d684",
        "android_client_info": {
          "package_name": "com.example.recordatorios"
        }
      },
      "oauth_client": [
        {
          "client_id": "61413971917-pkckbpudvjm6mpv9drhrv0jd6t8trtag.apps.googleusercontent.com",
          "client_type": 3
        }
      ],
      "api_key": [
        {
          "current_key": "AIzaSyCVQIVnsixpfDWcAwMFjzSEQ0rhVob65wk"
        }
      ],
      "services": {
        "appinvite_service": {
          "other_platform_oauth_client": [
            {
              "client_id": "61413971917-pkckbpudvjm6mpv9drhrv0jd6t8trtag.apps.googleusercontent.com",
              "client_type": 3
            }
          ]
        }
      }
    }
  ],
  "configuration_version": "1"
}